{"cameraMode":{"drawMode":0,"name":"Shaded","section":"Shading Mode"},"sceneLighting":false,"audioPlay":false,"sceneViewState":{"m_AlwaysRefresh":false,"showFog":true,"showSkybox":false,"showFlares":true,"showImageEffects":true,"showParticleSystems":true,"showVisualEffectGraphs":true,"m_FxEnabled":true},"in2DMode":false,"pivot":{"x":2.384185791015625e-7,"y":3.128041982650757,"z":-3.5762786865234377e-7},"rotation":{"x":0.43547287583351138,"y":0.05023907497525215,"z":-0.02244189940392971,"w":0.8993903398513794},"size":4.913646221160889,"orthographic":false}