{"cameraMode":{"drawMode":0,"name":"Shaded","section":"Shading Mode"},"sceneLighting":false,"audioPlay":false,"sceneViewState":{"m_AlwaysRefresh":false,"showFog":true,"showSkybox":false,"showFlares":true,"showImageEffects":true,"showParticleSystems":true,"showVisualEffectGraphs":true,"m_FxEnabled":true},"in2DMode":false,"pivot":{"x":-0.02611178159713745,"y":-0.004347924143075943,"z":0.4319051206111908},"rotation":{"x":0.10759646445512772,"y":-0.8928679823875427,"z":0.31256285309791567,"w":0.30654412508010867},"size":1.5731199979782105,"orthographic":false}