{"cameraMode":{"drawMode":0,"name":"Shaded","section":"Shading Mode"},"sceneLighting":false,"audioPlay":false,"sceneViewState":{"m_AlwaysRefresh":false,"showFog":true,"showSkybox":false,"showFlares":true,"showImageEffects":true,"showParticleSystems":true,"showVisualEffectGraphs":true,"m_FxEnabled":true},"in2DMode":false,"pivot":{"x":-13.326828002929688,"y":0.0819966122508049,"z":77.27396392822266},"rotation":{"x":-0.029131628572940828,"y":0.9221773743629456,"z":-0.3808892071247101,"w":-0.06618020683526993},"size":10.664809226989746,"orthographic":false}