{"cameraMode":{"drawMode":0,"name":"Shaded","section":"Shading Mode"},"sceneLighting":true,"audioPlay":false,"sceneViewState":{"m_AlwaysRefresh":false,"showFog":true,"showSkybox":true,"showFlares":true,"showImageEffects":true,"showParticleSystems":true,"showVisualEffectGraphs":true,"m_FxEnabled":true},"in2DMode":false,"pivot":{"x":-280.7365417480469,"y":-156.67239379882813,"z":-48.21632385253906},"rotation":{"x":0.08880498260259628,"y":-0.8570290207862854,"z":0.15755613148212434,"w":0.48305439949035647},"size":314.09063720703127,"orthographic":false}