{"cameraMode":{"drawMode":0,"name":"Shaded","section":"Shading Mode"},"sceneLighting":true,"audioPlay":false,"sceneViewState":{"m_AlwaysRefresh":false,"showFog":true,"showSkybox":true,"showFlares":true,"showImageEffects":true,"showParticleSystems":true,"showVisualEffectGraphs":true,"m_FxEnabled":true},"in2DMode":false,"pivot":{"x":100.35030364990235,"y":43.48831558227539,"z":32.95713424682617},"rotation":{"x":-0.30301541090011599,"y":-0.016683269292116166,"z":0.00919961929321289,"w":-0.953366756439209},"size":13.227850914001465,"orthographic":false}